30,2022-09-22 15:43:20,552,test RTK,5,1.0,0.0,0.0,0.0,-9.676557034232758e-05
30,2022-09-22 15:43:20,632,test RTK,5,1.0,25.75,0.0,0.0,-0.00012253124266869975
30,2022-09-22 15:43:20,704,test RTK,5,1.0,25.75,970.25,0.0,4.996770995201902e-05
30,2022-09-22 15:43:20,779,test RTK,5,1.0,25.75,970.25,40.1,0.0003130297364262071
30,2022-09-22 15:43:20,853,test RTK,5,1.0,25.75,970.25,40.1,-8.874395862257245e-05
30,2022-09-22 15:43:20,925,test RTK,5,1.0,25.75,970.25,40.1,7.872581485599551e-06
30,2022-09-22 15:43:21,42,test RTK,5,1.0,25.75,970.25,40.1,7.074678320006783e-05
30,2022-09-22 15:43:21,116,test RTK,5,1.0,25.75,970.25,40.1,0.0001866686531280487
30,2022-09-22 15:43:21,191,test RTK,5,1.0,25.75,970.25,40.1,0.00029721597223412993
30,2022-09-22 15:43:21,262,test RTK,5,1.0,25.75,970.25,40.1,-0.00012673247605476945
30,2022-09-22 15:43:21,336,test RTK,5,1.0,25.75,970.25,40.1,-0.00044429462402995057
30,2022-09-22 15:43:21,411,test RTK,5,1.0,25.75,970.25,40.1,0.0004220134208081353
30,2022-09-22 15:43:21,483,test RTK,5,1.0,25.75,970.25,40.1,8.889772002068242e-06
30,2022-09-22 15:43:21,558,test RTK,5,1.0,25.75,970.25,40.1,-8.454982191352656e-05
30,2022-09-22 15:43:21,635,test RTK,5,1.0,25.75,970.25,40.1,0.00021074295053758794
30,2022-09-22 15:43:21,708,test RTK,5,1.0,25.75,970.25,40.1,-9.825350716674564e-05
30,2022-09-22 15:43:21,784,test RTK,5,1.0,25.75,970.25,40.1,6.645565855617433e-05
30,2022-09-22 15:43:21,859,test RTK,5,1.0,25.75,970.25,40.1,9.133661170086666e-05
30,2022-09-22 15:43:21,932,test RTK,5,1.0,25.75,970.25,40.1,-8.240899071054741e-05
30,2022-09-22 15:43:22,8,test RTK,5,1.0,25.75,970.25,40.1,5.464442076843438e-06
30,2022-09-22 15:43:22,83,test RTK,5,1.0,25.75,970.25,40.1,0.0002841817402672869
30,2022-09-22 15:43:22,162,test RTK,5,1.0,25.75,970.25,40.1,-9.041877463467074e-05
30,2022-09-22 15:43:22,240,test RTK,5,1.0,25.75,970.25,40.1,0.0004262856209773038
30,2022-09-22 15:43:22,309,test RTK,5,1.0,25.75,970.25,40.1,-0.00029652995988804776
30,2022-09-22 15:43:22,382,test RTK,5,1.0,25.75,970.25,40.1,0.0003803677486164345
30,2022-09-22 15:43:22,460,test RTK,5,1.0,25.75,970.25,40.1,0.0002753392794520311
30,2022-09-22 15:43:22,531,test RTK,5,1.0,25.75,970.25,40.1,0.00019194621601698278
30,2022-09-22 15:43:22,604,test RTK,5,1.0,25.75,970.25,40.1,-0.00025104025378830386
30,2022-09-22 15:43:22,680,test RTK,5,1.0,25.75,970.25,40.1,2.5332774978751678e-05
30,2022-09-22 15:43:22,751,test RTK,5,1.0,25.75,970.25,40.1,-7.425017654938415e-05
30,2022-09-22 15:43:22,825,test RTK,5,1.0,25.75,970.25,40.1,-6.942916661145659e-06
30,2022-09-22 15:43:22,901,test RTK,5,1.0,25.76,970.25,40.1,-0.00011559305712616208
30,2022-09-22 15:43:22,972,test RTK,5,1.0,25.76,970.23,40.1,-0.00039148824289370054
30,2022-09-22 15:43:23,45,test RTK,5,1.0,25.76,970.23,39.72,-0.00011156214401175646
30,2022-09-22 15:43:23,121,test RTK,5,1.0,25.76,970.23,39.72,-0.00019755022600342897
30,2022-09-22 15:43:23,202,test RTK,5,1.0,25.76,970.23,39.72,1.0145884011940044e-05
30,2022-09-22 15:43:23,272,test RTK,5,1.0,25.76,970.23,39.72,0.00016269607477015634
30,2022-09-22 15:43:23,344,test RTK,5,1.0,25.76,970.23,39.72,9.15022008547104e-05
30,2022-09-22 15:43:23,422,test RTK,5,1.0,25.76,970.23,39.72,-0.00010694220662088583
30,2022-09-22 15:43:23,492,test RTK,5,1.0,25.76,970.23,39.72,3.996139394117584e-05
30,2022-09-22 15:43:23,564,test RTK,5,1.0,25.76,970.23,39.72,0.00022435437898354343
30,2022-09-22 15:43:23,642,test RTK,5,1.0,25.76,970.23,39.72,2.5039445620514195e-05
30,2022-09-22 15:43:23,712,test RTK,5,1.0,25.76,970.23,39.72,8.878890429101368e-05
30,2022-09-22 15:43:23,784,test RTK,5,1.0,25.76,970.23,39.72,-7.003711536590629e-05
30,2022-09-22 15:43:23,863,test RTK,5,1.0,25.76,970.23,39.72,-7.263923063938194e-05
30,2022-09-22 15:43:23,932,test RTK,5,1.0,25.76,970.23,39.72,-0.0002226298861209841
30,2022-09-22 15:43:24,4,test RTK,5,1.0,25.76,970.23,39.72,0.00024329304706458612
30,2022-09-22 15:43:24,83,test RTK,5,1.0,25.76,970.23,39.72,-0.00044177293777458715
30,2022-09-22 15:43:24,156,test RTK,5,1.0,25.76,970.23,39.72,-8.899943903095675e-05
30,2022-09-22 15:43:24,228,test RTK,5,1.0,25.76,970.23,39.72,-2.3076031357760485e-05
30,2022-09-22 15:43:24,307,test RTK,5,1.0,25.76,970.23,39.72,0.00032773878440621256
30,2022-09-22 15:43:24,378,test RTK,5,1.0,25.76,970.23,39.72,0.00016711493961844357
30,2022-09-22 15:43:24,451,test RTK,5,1.0,25.76,970.23,39.72,0.00012969652196843947
30,2022-09-22 15:43:24,528,test RTK,5,1.0,25.76,970.23,39.72,0.00015392221517577872
30,2022-09-22 15:43:24,599,test RTK,5,1.0,25.76,970.23,39.72,-0.0001684987917549563
30,2022-09-22 15:43:24,671,test RTK,5,1.0,25.76,970.23,39.72,0.0004551620038483115
30,2022-09-22 15:43:24,749,test RTK,5,1.0,25.76,970.23,39.72,-0.00017811952158730548
30,2022-09-22 15:43:24,819,test RTK,5,1.0,25.76,970.23,39.72,-0.0003267074003812098
30,2022-09-22 15:43:24,891,test RTK,5,1.0,25.76,970.23,39.72,0.0005553576352798183
30,2022-09-22 15:43:24,969,test RTK,5,1.0,25.76,970.23,39.72,0.00033868186191594315
30,2022-09-22 15:43:25,39,test RTK,5,1.0,25.73,970.23,39.72,0.00040694717336769553
30,2022-09-22 15:43:25,112,test RTK,5,1.0,25.73,970.25,39.72,0.0004695777224700794
30,2022-09-22 15:43:25,188,test RTK,5,1.0,25.73,970.25,39.86,0.00016840416945908414
30,2022-09-22 15:43:25,258,test RTK,5,1.0,25.73,970.25,39.86,-0.000241887904703475
30,2022-09-22 15:43:25,331,test RTK,5,1.0,25.73,970.25,39.86,0.00010586114605230333
30,2022-09-22 15:43:25,407,test RTK,5,1.0,25.73,970.25,39.86,0.00020424475902889146
30,2022-09-22 15:43:25,478,test RTK,5,1.0,25.73,970.25,39.86,0.00010643361141273454
30,2022-09-22 15:43:25,551,test RTK,5,1.0,25.73,970.25,39.86,-7.879441604075055e-05
30,2022-09-22 15:43:25,629,test RTK,5,1.0,25.73,970.25,39.86,9.731911127330694e-05
30,2022-09-22 15:43:25,700,test RTK,5,1.0,25.73,970.25,39.86,-0.0001690665259950208
30,2022-09-22 15:43:25,772,test RTK,5,1.0,25.73,970.25,39.86,-0.00031992770731470443
30,2022-09-22 15:43:25,845,test RTK,5,1.0,25.73,970.25,39.86,0.00031873073443711305
30,2022-09-22 15:43:25,914,test RTK,5,1.0,25.73,970.25,39.86,9.826533500955688e-06
30,2022-09-22 15:43:25,987,test RTK,5,1.0,25.73,970.25,39.86,0.00019179718577852343
30,2022-09-22 15:43:26,59,test RTK,5,1.0,25.73,970.25,39.86,8.271651346362966e-05
30,2022-09-22 15:43:26,129,test RTK,5,1.0,25.73,970.25,39.86,-0.00022201484069306332
30,2022-09-22 15:43:26,202,test RTK,5,1.0,25.73,970.25,39.86,-8.749021217191455e-05
30,2022-09-22 15:43:26,274,test RTK,5,1.0,25.73,970.25,39.86,-5.7823732495521085e-05
30,2022-09-22 15:43:26,344,test RTK,5,1.0,25.73,970.25,39.86,-0.00018088722601561358
30,2022-09-22 15:43:26,418,test RTK,5,1.0,25.73,970.25,39.86,6.725285205396491e-06
30,2022-09-22 15:43:26,493,test RTK,5,1.0,25.73,970.25,39.86,-0.00036966122686798997
30,2022-09-22 15:43:26,575,test RTK,5,1.0,25.73,970.25,39.86,0.00039444519225249305
30,2022-09-22 15:43:26,645,test RTK,5,1.0,25.73,970.25,39.86,-0.00035557668656061026
30,2022-09-22 15:43:26,719,test RTK,5,1.0,25.73,970.25,39.86,-0.00013860994949865812
30,2022-09-22 15:43:26,795,test RTK,5,1.0,25.73,970.25,39.86,-0.00011661497875969928
30,2022-09-22 15:43:26,866,test RTK,5,1.0,25.73,970.25,39.86,0.00014891196049233524
30,2022-09-22 15:43:26,940,test RTK,5,1.0,25.73,970.25,39.86,-3.4177601337503916e-05
30,2022-09-22 15:43:27,14,test RTK,5,1.0,25.73,970.25,39.86,-4.182782024209075e-05
30,2022-09-22 15:43:27,89,test RTK,5,1.0,25.73,970.25,39.86,8.602356542182321e-05
30,2022-09-22 15:43:27,164,test RTK,5,1.0,25.73,970.25,39.86,-0.00033791778609071343
30,2022-09-22 15:43:27,238,test RTK,5,1.0,25.74,970.25,39.86,-0.00032244702801165204
30,2022-09-22 15:43:27,309,test RTK,5,1.0,25.74,970.19,39.86,0.0002669557371488566
30,2022-09-22 15:43:27,383,test RTK,5,1.0,25.74,970.19,39.98,-2.3686345667073283e-05
30,2022-09-22 15:43:27,457,test RTK,5,1.0,25.74,970.19,39.98,-8.316360414006851e-05
30,2022-09-22 15:43:27,529,test RTK,5,1.0,25.74,970.19,39.98,-4.68049570923057e-05
30,2022-09-22 15:43:27,603,test RTK,5,1.0,25.74,970.19,39.98,7.000399756711163e-05
30,2022-09-22 15:43:27,677,test RTK,5,1.0,25.74,970.19,39.98,-0.0003688711300497971
30,2022-09-22 15:43:27,749,test RTK,5,1.0,25.74,970.19,39.98,0.00026020916190939454
30,2022-09-22 15:43:27,823,test RTK,5,1.0,25.74,970.19,39.98,-0.0003388687409469071
30,2022-09-22 15:43:27,897,test RTK,5,1.0,25.74,970.19,39.98,4.7912038885016014e-05
30,2022-09-22 15:43:27,969,test RTK,5,1.0,25.74,970.19,39.98,0.00014886464930552275
30,2022-09-22 15:43:28,42,test RTK,5,1.0,25.74,970.19,39.98,-9.435979649374815e-05
30,2022-09-22 15:43:28,117,test RTK,5,1.0,25.74,970.19,39.98,-7.343169301776697e-05
30,2022-09-22 15:43:28,188,test RTK,5,1.0,25.74,970.19,39.98,-0.0003080123849219518
30,2022-09-22 15:43:28,262,test RTK,5,1.0,25.74,970.19,39.98,-0.00040622567757964134
30,2022-09-22 15:43:28,335,test RTK,5,1.0,25.74,970.19,39.98,0.0001828601025896427
30,2022-09-22 15:43:28,408,test RTK,5,1.0,25.74,970.19,39.98,0.0003589641677024608
30,2022-09-22 15:43:28,483,test RTK,5,1.0,25.74,970.19,39.98,-0.00014066088944630906
30,2022-09-22 15:43:28,555,test RTK,5,1.0,25.74,970.19,39.98,0.00014722058556378845
30,2022-09-22 15:43:28,628,test RTK,5,1.0,25.74,970.19,39.98,0.0003107114882723947
30,2022-09-22 15:43:28,703,test RTK,5,1.0,25.74,970.19,39.98,-0.0002801035158341847
30,2022-09-22 15:43:28,775,test RTK,5,1.0,25.74,970.19,39.98,0.00020736966291785692
30,2022-09-22 15:43:28,847,test RTK,5,1.0,25.74,970.19,39.98,-1.2158975000176042e-06
30,2022-09-22 15:43:28,923,test RTK,5,1.0,25.74,970.19,39.98,-2.2846572100831963e-05
30,2022-09-22 15:43:28,995,test RTK,5,1.0,25.74,970.19,39.98,1.452453435143667e-06
30,2022-09-22 15:43:29,68,test RTK,5,1.0,25.74,970.19,39.98,-6.21645338831911e-05
30,2022-09-22 15:43:29,145,test RTK,5,1.0,25.74,970.19,39.98,-0.00022256128490028004
30,2022-09-22 15:43:29,215,test RTK,5,1.0,25.74,970.19,39.98,0.0002869754658485648
30,2022-09-22 15:43:29,288,test RTK,5,1.0,25.74,970.19,39.98,-8.410273119885403e-05
30,2022-09-22 15:43:29,363,test RTK,5,1.0,25.74,970.19,39.98,-2.1621212358269304e-06
30,2022-09-22 15:43:29,432,test RTK,5,1.0,25.74,970.19,39.98,0.00016744611792613104
30,2022-09-22 15:43:29,506,test RTK,5,1.0,25.74,970.22,39.98,0.00044861886671214316
30,2022-09-22 15:43:29,582,test RTK,5,1.0,25.74,970.22,39.62,6.032176318593406e-07
30,2022-09-22 15:43:29,651,test RTK,5,1.0,25.74,970.22,39.62,0.00014311870566714496
30,2022-09-22 15:43:29,724,test RTK,5,1.0,25.74,970.22,39.62,0.00022670101384944332
30,2022-09-22 15:43:29,800,test RTK,5,1.0,25.74,970.22,39.62,0.00021419430161555964
30,2022-09-22 15:43:29,876,test RTK,5,1.0,25.74,970.22,39.62,-0.00022231053561050373
30,2022-09-22 15:43:29,948,test RTK,5,1.0,25.74,970.22,39.62,0.00010087454696226611
30,2022-09-22 15:43:30,20,test RTK,5,1.0,25.74,970.22,39.62,0.00011199977254122485
30,2022-09-22 15:43:30,95,test RTK,5,1.0,25.74,970.22,39.62,0.0003755964154263942
30,2022-09-22 15:43:30,168,test RTK,5,1.0,25.74,970.22,39.62,-0.00026371255517076975
30,2022-09-22 15:43:30,241,test RTK,5,1.0,25.74,970.22,39.62,0.0004993672112465683
30,2022-09-22 15:43:30,315,test RTK,5,1.0,25.74,970.22,39.62,-8.754462003679464e-05
30,2022-09-22 15:43:30,388,test RTK,5,1.0,25.74,970.22,39.62,0.00013080833485853315
30,2022-09-22 15:43:30,460,test RTK,5,1.0,25.74,970.22,39.62,0.0005054419676332931
30,2022-09-22 15:43:30,535,test RTK,5,1.0,25.74,970.22,39.62,-5.8921352028562524e-05
30,2022-09-22 15:43:30,608,test RTK,5,1.0,25.74,970.22,39.62,0.00031983308508984424
30,2022-09-22 15:43:30,681,test RTK,5,1.0,25.74,970.22,39.62,-0.00016951125115127752
30,2022-09-22 15:43:30,756,test RTK,5,1.0,25.74,970.22,39.62,0.00043368745615411896
30,2022-09-22 15:43:30,827,test RTK,5,1.0,25.74,970.22,39.62,0.00028835458694414915
30,2022-09-22 15:43:30,900,test RTK,5,1.0,25.74,970.22,39.62,0.00010377235715453157
30,2022-09-22 15:43:30,975,test RTK,5,1.0,25.74,970.22,39.62,0.0004366656953639657
30,2022-09-22 15:43:31,48,test RTK,5,1.0,25.74,970.22,39.62,-5.3099710493498264e-05
30,2022-09-22 15:43:31,120,test RTK,5,1.0,25.74,970.22,39.62,0.00026763465267961597
30,2022-09-22 15:43:31,195,test RTK,5,1.0,25.74,970.22,39.62,-0.0003943269141011285
30,2022-09-22 15:43:31,267,test RTK,5,1.0,25.74,970.22,39.62,0.00024634698417333277
30,2022-09-22 15:43:31,339,test RTK,5,1.0,25.74,970.22,39.62,-0.00042818989604676005
30,2022-09-22 15:43:31,414,test RTK,5,1.0,25.74,970.22,39.62,-0.00044943261891638997
30,2022-09-22 15:43:31,486,test RTK,5,1.0,25.74,970.22,39.62,-2.5039445608499022e-05
30,2022-09-22 15:43:31,560,test RTK,5,1.0,25.74,970.22,39.62,0.00015874085955263156
30,2022-09-22 15:43:31,635,test RTK,5,1.0,25.75,970.22,39.62,0.0002448046394832454
30,2022-09-22 15:43:31,707,test RTK,5,1.0,25.75,970.2,39.62,0.0002737945692026031
30,2022-09-22 15:43:31,780,test RTK,5,1.0,25.75,970.2,39.56,-7.321406155824661e-05
30,2022-09-22 15:43:31,854,test RTK,5,1.0,25.75,970.2,39.56,-0.00015970364212947175
30,2022-09-22 15:43:31,926,test RTK,5,1.0,25.75,970.2,39.56,0.0001738425903831807
30,2022-09-22 15:43:31,998,test RTK,5,1.0,25.75,970.2,39.56,-8.444573730237437e-05
30,2022-09-22 15:43:32,74,test RTK,5,1.0,25.75,970.2,39.56,0.0002263225243549433
30,2022-09-22 15:43:32,146,test RTK,5,1.0,25.75,970.2,39.56,-4.5418739347269366e-07
30,2022-09-22 15:43:32,219,test RTK,5,1.0,25.75,970.2,39.56,-0.00010634372010898119
30,2022-09-22 15:43:32,294,test RTK,5,1.0,25.75,970.2,39.56,0.0002252059803461684
30,2022-09-22 15:43:32,366,test RTK,5,1.0,25.75,970.2,39.56,-3.298535943052627e-05
30,2022-09-22 15:43:32,439,test RTK,5,1.0,25.75,970.2,39.56,3.302793951380437e-05
30,2022-09-22 15:43:32,514,test RTK,5,1.0,25.75,970.2,39.56,-0.00010661575943160528
30,2022-09-22 15:43:32,586,test RTK,5,1.0,25.75,970.2,39.56,0.00045922840035484563
30,2022-09-22 15:43:32,659,test RTK,5,1.0,25.75,970.2,39.56,0.00021925423304515622
30,2022-09-22 15:43:32,734,test RTK,5,1.0,25.75,970.2,39.56,0.0004164401630016231
30,2022-09-22 15:43:32,807,test RTK,5,1.0,25.75,970.2,39.56,0.00010445363824463154
30,2022-09-22 15:43:32,881,test RTK,5,1.0,25.75,970.2,39.56,0.0005532049762798497
30,2022-09-22 15:43:32,956,test RTK,5,1.0,25.75,970.2,39.56,-0.0004739090614016561
30,2022-09-22 15:43:33,26,test RTK,5,1.0,25.75,970.2,39.56,-0.00013789555057819314
30,2022-09-22 15:43:33,99,test RTK,5,1.0,25.75,970.2,39.56,-0.00037869766354603485
30,2022-09-22 15:43:33,174,test RTK,5,1.0,25.75,970.2,39.56,-0.0006365365348752761
30,2022-09-22 15:43:33,250,test RTK,5,1.0,25.75,970.2,39.56,-1.0233409703630514e-05
30,2022-09-22 15:43:33,323,test RTK,5,1.0,25.75,970.2,39.56,0.0003833838367757312
30,2022-09-22 15:43:33,396,test RTK,5,1.0,25.75,970.2,39.56,7.227020341543025e-05
30,2022-09-22 15:43:33,471,test RTK,5,1.0,25.75,970.2,39.56,6.908852610228981e-05
30,2022-09-22 15:43:33,544,test RTK,5,1.0,25.75,970.2,39.56,-8.79231095307631e-05
30,2022-09-22 15:43:33,617,test RTK,5,1.0,25.75,970.2,39.56,0.00013099048292776125
30,2022-09-22 15:43:33,692,test RTK,5,1.0,25.75,970.2,39.56,-8.384488523027755e-05
30,2022-09-22 15:43:33,764,test RTK,5,1.0,25.75,970.2,39.56,0.0003340217100149122
30,2022-09-22 15:43:33,837,test RTK,5,1.0,25.76,970.2,39.56,-0.0005068731307975582
30,2022-09-22 15:43:33,913,test RTK,5,1.0,25.76,970.2,39.45,-0.00017878187820308256
30,2022-09-22 15:43:33,982,test RTK,5,1.0,25.76,970.2,39.45,5.725363272114361e-05
30,2022-09-22 15:43:34,55,test RTK,5,1.0,25.76,970.2,39.45,-0.000122597478330988
30,2022-09-22 15:43:34,130,test RTK,5,1.0,25.76,970.2,39.45,8.070342246475788e-05
30,2022-09-22 15:43:34,200,test RTK,5,1.0,25.76,970.2,39.45,0.00017271894969638388
30,2022-09-22 15:43:34,272,test RTK,5,1.0,25.76,970.2,39.45,0.00019362576314882644
30,2022-09-22 15:43:34,347,test RTK,5,1.0,25.76,970.2,39.45,-0.00030003571882808444
30,2022-09-22 15:43:34,417,test RTK,5,1.0,25.76,970.2,39.45,-7.983053103011173e-05
30,2022-09-22 15:43:34,490,test RTK,5,1.0,25.76,970.2,39.45,0.00041473222915769197
30,2022-09-22 15:43:34,565,test RTK,5,1.0,25.76,970.2,39.45,0.0004024455139424864
30,2022-09-22 15:43:34,635,test RTK,5,1.0,25.76,970.2,39.45,-0.00013029737398007057
30,2022-09-22 15:43:34,708,test RTK,5,1.0,25.76,970.2,39.45,0.00025066886108865443
30,2022-09-22 15:43:34,783,test RTK,5,1.0,25.76,970.2,39.45,0.0005429857599283502
30,2022-09-22 15:43:34,853,test RTK,5,1.0,25.76,970.2,39.45,-0.0002451547421511435
30,2022-09-22 15:43:34,926,test RTK,5,1.0,25.76,970.2,39.45,-1.6322359464027159e-07
30,2022-09-22 15:43:35,1,test RTK,5,1.0,25.76,970.2,39.45,-0.00020765826106128316
30,2022-09-22 15:43:35,71,test RTK,5,1.0,25.76,970.2,39.45,-0.0003018477372833672
30,2022-09-22 15:43:35,144,test RTK,5,1.0,25.76,970.2,39.45,-0.00041717585176215266
30,2022-09-22 15:43:35,219,test RTK,5,1.0,25.76,970.2,39.45,-0.00014061830937883713
30,2022-09-22 15:43:35,288,test RTK,5,1.0,25.76,970.2,39.45,0.00013227498164972056
30,2022-09-22 15:43:35,362,test RTK,5,1.0,25.76,970.2,39.45,-6.760768592073418e-06
30,2022-09-22 15:43:35,437,test RTK,5,1.0,25.76,970.2,39.45,-4.8581492155364e-05
30,2022-09-22 15:43:35,507,test RTK,5,1.0,25.76,970.2,39.45,-9.77922231015782e-06
30,2022-09-22 15:43:35,580,test RTK,5,1.0,25.76,970.2,39.45,-0.0002938474155964599
30,2022-09-22 15:43:35,655,test RTK,5,1.0,25.76,970.2,39.45,-9.780878201048893e-05
30,2022-09-22 15:43:35,726,test RTK,5,1.0,25.76,970.2,39.45,-8.989125490188599e-06
30,2022-09-22 15:43:35,797,test RTK,5,1.0,25.76,970.2,39.45,0.0004007588701326208
30,2022-09-22 15:43:35,871,test RTK,5,1.0,25.76,970.2,39.45,-5.211327225040918e-05
30,2022-09-22 15:43:35,939,test RTK,5,1.0,25.76,970.2,39.45,-0.0003117310442029009
30,2022-09-22 15:43:36,11,test RTK,5,1.0,25.77,970.2,39.45,8.925491948111678e-05
30,2022-09-22 15:43:36,89,test RTK,5,1.0,25.77,970.19,39.35,0.0003589381465497139
30,2022-09-22 15:43:36,158,test RTK,5,1.0,25.77,970.19,39.35,-0.00020293423905926034
30,2022-09-22 15:43:36,230,test RTK,5,1.0,25.77,970.19,39.35,0.00033709457159838383
30,2022-09-22 15:43:36,303,test RTK,5,1.0,25.77,970.19,39.35,0.00013153692713544561
30,2022-09-22 15:43:36,371,test RTK,5,1.0,25.77,970.19,39.35,-0.00023249190300766998
30,2022-09-22 15:43:36,444,test RTK,5,1.0,25.77,970.19,39.35,0.00033530384317753085
30,2022-09-22 15:43:36,519,test RTK,5,1.0,25.77,970.19,39.35,-0.0003619187511496591
30,2022-09-22 15:43:36,596,test RTK,5,1.0,25.77,970.19,39.35,0.00012382047256632731
30,2022-09-22 15:43:36,668,test RTK,5,1.0,25.77,970.19,39.35,0.00011184601118408424
30,2022-09-22 15:43:36,741,test RTK,5,1.0,25.77,970.19,39.35,2.6780497295214097e-05
30,2022-09-22 15:43:36,816,test RTK,5,1.0,25.77,970.19,39.35,7.008442658469288e-05
30,2022-09-22 15:43:36,888,test RTK,5,1.0,25.77,970.19,39.35,-2.833466976959187e-05
30,2022-09-22 15:43:36,960,test RTK,5,1.0,25.77,970.19,39.35,3.744916992143223e-05
30,2022-09-22 15:43:37,34,test RTK,5,1.0,25.77,970.19,39.35,6.803585219571174e-05
30,2022-09-22 15:43:37,107,test RTK,5,1.0,25.77,970.19,39.35,-0.0005256462097165127
30,2022-09-22 15:43:37,179,test RTK,5,1.0,25.77,970.19,39.35,0.00016082255177238142
30,2022-09-22 15:43:37,254,test RTK,5,1.0,25.77,970.19,39.35,5.074124785640336e-06
30,2022-09-22 15:43:37,326,test RTK,5,1.0,25.77,970.19,39.35,-0.00041712854057607274
30,2022-09-22 15:43:37,398,test RTK,5,1.0,25.77,970.19,39.35,6.614103916387122e-06
30,2022-09-22 15:43:37,473,test RTK,5,1.0,25.77,970.19,39.35,0.000584915299240926
30,2022-09-22 15:43:37,546,test RTK,5,1.0,25.77,970.19,39.35,-0.00015712991356764405
30,2022-09-22 15:43:37,618,test RTK,5,1.0,25.77,970.19,39.35,0.00028374647734861195
30,2022-09-22 15:43:37,693,test RTK,5,1.0,25.77,970.19,39.35,-0.0003592764213689037
30,2022-09-22 15:43:37,763,test RTK,5,1.0,25.77,970.19,39.35,-0.00015166074037509247
30,2022-09-22 15:43:37,835,test RTK,5,1.0,25.77,970.19,39.35,-9.247681125934548e-05
30,2022-09-22 15:43:37,910,test RTK,5,1.0,25.77,970.19,39.35,-0.00012009944766688818
30,2022-09-22 15:43:37,980,test RTK,5,1.0,25.77,970.19,39.35,0.0002686944232642159
30,2022-09-22 15:43:38,53,test RTK,5,1.0,25.77,970.19,39.35,0.00015308953828787876
30,2022-09-22 15:43:38,128,test RTK,5,1.0,25.77,970.19,39.35,-2.195239067148691e-05
30,2022-09-22 15:43:38,198,test RTK,5,1.0,25.76,970.18,39.35,-0.00025280969217433835
30,2022-09-22 15:43:38,272,test RTK,5,1.0,25.76,970.18,39.62,5.090683701024709e-05
30,2022-09-22 15:43:38,346,test RTK,5,1.0,25.76,970.18,39.62,0.00024773320194693897
30,2022-09-22 15:43:38,417,test RTK,5,1.0,25.76,970.18,39.62,1.4557652182205418e-05
30,2022-09-22 15:43:38,491,test RTK,5,1.0,25.76,970.18,39.62,-0.00012439293786847827
30,2022-09-22 15:43:38,566,test RTK,5,1.0,25.76,970.18,39.62,-7.142806425619597e-05
30,2022-09-22 15:43:38,635,test RTK,5,1.0,25.76,970.18,39.62,0.00018461061650170508
30,2022-09-22 15:43:38,708,test RTK,5,1.0,25.76,970.18,39.62,-0.00023432048037719255
30,2022-09-22 15:43:38,784,test RTK,5,1.0,25.76,970.18,39.62,0.00013544719672549851
30,2022-09-22 15:43:38,854,test RTK,5,1.0,25.76,970.18,39.62,0.0005109702798123334
30,2022-09-22 15:43:38,926,test RTK,5,1.0,25.76,970.18,39.62,3.524446861596986e-05
30,2022-09-22 15:43:39,2,test RTK,5,1.0,25.76,970.18,39.62,0.0003567665630750202
30,2022-09-22 15:43:39,71,test RTK,5,1.0,25.76,970.18,39.62,0.00018636822709178937
30,2022-09-22 15:43:39,145,test RTK,5,1.0,25.76,970.18,39.62,0.000157659798933966
30,2022-09-22 15:43:39,220,test RTK,5,1.0,25.76,970.18,39.62,-0.00022305805236122467
30,2022-09-22 15:43:39,289,test RTK,5,1.0,25.76,970.18,39.62,0.00037314333039016617
30,2022-09-22 15:43:39,362,test RTK,5,1.0,25.76,970.18,39.62,0.000410575941396214
30,2022-09-22 15:43:39,437,test RTK,5,1.0,25.76,970.18,39.62,-0.00024255735799627587
30,2022-09-22 15:43:39,506,test RTK,5,1.0,25.76,970.18,39.62,-0.00041128560900638433
30,2022-09-22 15:43:39,580,test RTK,5,1.0,25.76,970.18,39.62,0.00025139035668754505
30,2022-09-22 15:43:39,655,test RTK,5,1.0,25.76,970.18,39.62,0.00030908398344604485
30,2022-09-22 15:43:39,725,test RTK,5,1.0,25.76,970.18,39.62,3.4026205555548056e-05
30,2022-09-22 15:43:39,798,test RTK,5,1.0,25.76,970.18,39.62,0.0004442141952198996
30,2022-09-22 15:43:39,881,test RTK,5,1.0,25.76,970.18,39.62,0.0007692586075371405
30,2022-09-22 15:43:39,956,test RTK,5,1.0,25.76,970.18,39.62,0.0005173880423034486
30,2022-09-22 15:43:40,26,test RTK,5,1.0,25.76,970.18,39.62,-7.657315581610646e-06
30,2022-09-22 15:43:40,99,test RTK,5,1.0,25.76,970.18,39.62,-0.0002530982904129786
30,2022-09-22 15:43:40,174,test RTK,5,1.0,25.76,970.18,39.62,-0.0004262808896609016
30,2022-09-22 15:43:40,243,test RTK,5,1.0,25.76,970.18,39.62,0.0004361358100716657
30,2022-09-22 15:43:40,317,test RTK,5,1.0,25.77,970.18,39.62,6.067186596834653e-05
30,2022-09-22 15:43:40,392,test RTK,5,1.0,25.77,970.22,39.62,0.0004470150174791995
30,2022-09-22 15:43:40,462,test RTK,5,1.0,25.77,970.22,39.88,9.654793892826323e-05
30,2022-09-22 15:43:40,535,test RTK,5,1.0,25.77,970.22,39.88,-0.00014243742451114372
30,2022-09-22 15:43:40,611,test RTK,5,1.0,25.77,970.22,39.88,-0.0005541322752833366
30,2022-09-22 15:43:40,680,test RTK,5,1.0,25.77,970.22,39.88,0.00036502236517380103
30,2022-09-22 15:43:40,752,test RTK,5,1.0,25.77,970.22,39.88,-0.0003130273707210307
30,2022-09-22 15:43:40,826,test RTK,5,1.0,25.77,970.22,39.88,-0.00025204561650760127
30,2022-09-22 15:43:40,894,test RTK,5,1.0,25.77,970.22,39.88,-3.246020525615734e-05
30,2022-09-22 15:43:40,965,test RTK,5,1.0,25.77,970.22,39.88,-0.00016225844621686747
30,2022-09-22 15:43:41,39,test RTK,5,1.0,25.77,970.22,39.88,-0.00013141155242912816
30,2022-09-22 15:43:41,107,test RTK,5,1.0,25.77,970.22,39.88,-0.00011361781507801538
30,2022-09-22 15:43:41,179,test RTK,5,1.0,25.77,970.22,39.88,6.03359565419778e-05
30,2022-09-22 15:43:41,252,test RTK,5,1.0,25.77,970.22,39.88,0.0003609748931419919
30,2022-09-22 15:43:41,320,test RTK,5,1.0,25.77,970.22,39.88,-0.00039119254797626013
30,2022-09-22 15:43:41,392,test RTK,5,1.0,25.77,970.22,39.88,0.0002164534107858564
30,2022-09-22 15:43:41,467,test RTK,5,1.0,25.77,970.22,39.88,0.0001502603293164914
30,2022-09-22 15:43:41,536,test RTK,5,1.0,25.77,970.22,39.88,-0.00039436239749157664
30,2022-09-22 15:43:41,610,test RTK,5,1.0,25.77,970.22,39.88,0.00016478486366792807
30,2022-09-22 15:43:41,685,test RTK,5,1.0,25.77,970.22,39.88,0.0001609148085866658
30,2022-09-22 15:43:41,756,test RTK,5,1.0,25.77,970.22,39.88,-7.311943918431041e-05
30,2022-09-22 15:43:41,843,test RTK,5,1.0,25.77,970.22,39.88,-0.00046894611790726515
30,2022-09-22 15:43:41,916,test RTK,5,1.0,25.77,970.22,39.88,0.0005902709255881006
30,2022-09-22 15:43:41,992,test RTK,5,1.0,25.77,970.22,39.88,-2.9354225844713255e-05
30,2022-09-22 15:43:42,64,test RTK,5,1.0,25.77,970.22,39.88,-0.000404468066991015
30,2022-09-22 15:43:42,138,test RTK,5,1.0,25.77,970.22,39.88,6.990937519348663e-05
30,2022-09-22 15:43:42,213,test RTK,5,1.0,25.77,970.22,39.88,-0.0002920779772104254
30,2022-09-22 15:43:42,284,test RTK,5,1.0,25.77,970.22,39.88,-0.00014959560707161756
30,2022-09-22 15:43:42,359,test RTK,5,1.0,25.77,970.22,39.88,7.020980122974598e-05
30,2022-09-22 15:43:42,434,test RTK,5,1.0,25.77,970.22,39.88,-1.043211668161348e-06
30,2022-09-22 15:43:42,506,test RTK,5,1.0,25.77,970.22,39.88,-4.236480221209149e-05
30,2022-09-22 15:43:42,582,test RTK,5,1.0,25.77,970.21,39.88,5.9508010772759096e-05
30,2022-09-22 15:43:42,658,test RTK,5,1.0,25.77,970.21,39.55,-0.00031930319964956766
30,2022-09-22 15:43:42,730,test RTK,5,1.0,25.77,970.21,39.55,6.198711696173396e-05
30,2022-09-22 15:43:42,806,test RTK,5,1.0,25.77,970.21,39.55,-5.9150811285491045e-05
30,2022-09-22 15:43:42,882,test RTK,5,1.0,25.77,970.21,39.55,-0.0001397879980498118
30,2022-09-22 15:43:42,955,test RTK,5,1.0,25.77,970.21,39.55,0.00034348394737741166
30,2022-09-22 15:43:43,30,test RTK,5,1.0,25.77,970.21,39.55,-0.0003505948185917873
30,2022-09-22 15:43:43,106,test RTK,5,1.0,25.77,970.21,39.55,-8.397025987427753e-05
30,2022-09-22 15:43:43,179,test RTK,5,1.0,25.77,970.21,39.55,-8.650140836863329e-05
30,2022-09-22 15:43:43,260,test RTK,5,1.0,25.77,970.21,39.55,8.384251970976708e-05
30,2022-09-22 15:43:43,335,test RTK,5,1.0,25.77,970.21,39.55,1.869974658763956e-05
30,2022-09-22 15:43:43,411,test RTK,5,1.0,25.77,970.21,39.55,-0.00014309505000653644
30,2022-09-22 15:43:43,484,test RTK,5,1.0,25.77,970.21,39.55,0.0004063912669226486
30,2022-09-22 15:43:43,560,test RTK,5,1.0,25.77,970.21,39.55,0.000324204638751319
30,2022-09-22 15:43:43,636,test RTK,5,1.0,25.77,970.21,39.55,0.00020614430317941323
30,2022-09-22 15:43:43,709,test RTK,5,1.0,25.77,970.21,39.55,-0.0002752493880695539
30,2022-09-22 15:43:43,784,test RTK,5,1.0,25.77,970.21,39.55,-8.238060399889946e-05
30,2022-09-22 15:43:43,862,test RTK,5,1.0,25.77,970.21,39.55,-9.57341864626926e-06
30,2022-09-22 15:43:43,936,test RTK,5,1.0,25.77,970.21,39.55,9.31864791052353e-05
30,2022-09-22 15:43:44,11,test RTK,5,1.0,25.77,970.21,39.55,-2.0568538456444685e-05
30,2022-09-22 15:43:44,88,test RTK,5,1.0,25.77,970.21,39.55,-0.00018516415730118752
30,2022-09-22 15:43:44,165,test RTK,5,1.0,25.77,970.21,39.55,0.0002551586927171604
30,2022-09-22 15:43:44,240,test RTK,5,1.0,25.77,970.21,39.55,0.0002081999742464162
30,2022-09-22 15:43:44,311,test RTK,5,1.0,25.77,970.21,39.55,0.00012026740243670875
30,2022-09-22 15:43:44,386,test RTK,5,1.0,25.77,970.21,39.55,5.771018567388421e-05
30,2022-09-22 15:43:44,460,test RTK,5,1.0,25.77,970.21,39.55,0.0002185374685649469
30,2022-09-22 15:43:44,532,test RTK,5,1.0,25.77,970.21,39.55,0.0004025306740787489
30,2022-09-22 15:43:44,607,test RTK,5,1.0,25.77,970.21,39.55,-0.00022115850821080585
30,2022-09-22 15:43:44,682,test RTK,5,1.0,25.77,970.21,39.55,0.00015081623576153826
30,2022-09-22 15:43:44,754,test RTK,5,1.0,25.77,970.22,39.55,-0.00018272053450374415
30,2022-09-22 15:43:44,828,test RTK,5,1.0,25.77,970.22,39.48,0.0001268460229629865
30,2022-09-22 15:43:44,903,test RTK,5,1.0,25.77,970.22,39.48,-7.80729204414854e-05
30,2022-09-22 15:43:44,974,test RTK,5,1.0,25.77,970.22,39.48,1.791911200523335e-05
30,2022-09-22 15:43:45,49,test RTK,5,1.0,25.77,970.22,39.48,-0.0003727175295349383
30,2022-09-22 15:43:45,124,test RTK,5,1.0,25.77,970.22,39.48,0.0001882109978181361
30,2022-09-22 15:43:45,196,test RTK,5,1.0,25.77,970.22,39.48,0.00018839551144670487
30,2022-09-22 15:43:45,270,test RTK,5,1.0,25.77,970.22,39.48,0.00013486053800902353
30,2022-09-22 15:43:45,344,test RTK,5,1.0,25.77,970.22,39.48,1.1243503545989984e-05
30,2022-09-22 15:43:45,416,test RTK,5,1.0,25.77,970.22,39.48,-6.510255858316327e-05
30,2022-09-22 15:43:45,491,test RTK,5,1.0,25.77,970.22,39.48,-0.00011486919596848111
30,2022-09-22 15:43:45,566,test RTK,5,1.0,25.77,970.22,39.48,9.220477197887598e-05
30,2022-09-22 15:43:45,639,test RTK,5,1.0,25.77,970.22,39.48,8.733171973718876e-05
30,2022-09-22 15:43:45,713,test RTK,5,1.0,25.77,970.22,39.48,-0.00041547028347821424
30,2022-09-22 15:43:45,786,test RTK,5,1.0,25.77,970.22,39.48,0.00015923526145482215
30,2022-09-22 15:43:45,856,test RTK,5,1.0,25.77,970.22,39.48,-0.0003548480942843213
30,2022-09-22 15:43:45,929,test RTK,5,1.0,25.77,970.22,39.48,1.8392223873358324e-05
30,2022-09-22 15:43:46,2,test RTK,5,1.0,25.77,970.22,39.48,-4.546131938631959e-05
30,2022-09-22 15:43:46,72,test RTK,5,1.0,25.77,970.22,39.48,-0.0005215987376860909
30,2022-09-22 15:43:46,147,test RTK,5,1.0,25.77,970.22,39.48,0.00015653379268782856
30,2022-09-22 15:43:46,218,test RTK,5,1.0,25.77,970.22,39.48,0.000218719616634175
30,2022-09-22 15:43:46,290,test RTK,5,1.0,25.77,970.22,39.48,-0.00021444268524639654
30,2022-09-22 15:43:46,363,test RTK,5,1.0,25.77,970.22,39.48,0.00011371243750383726
30,2022-09-22 15:43:46,434,test RTK,5,1.0,25.77,970.22,39.48,-0.00029428031295530843
30,2022-09-22 15:43:46,508,test RTK,5,1.0,25.77,970.22,39.48,-0.00018465083092422674
30,2022-09-22 15:43:46,583,test RTK,5,1.0,25.77,970.22,39.48,0.0004359347375277126
30,2022-09-22 15:43:46,660,test RTK,5,1.0,25.77,970.22,39.48,-0.0003847251087432113
30,2022-09-22 15:43:46,734,test RTK,5,1.0,25.77,970.22,39.48,-0.00027927083894674354
30,2022-09-22 15:43:46,808,test RTK,5,1.0,25.77,970.22,39.48,9.850662206230063e-05
30,2022-09-22 15:43:46,884,test RTK,5,1.0,25.77,970.22,39.48,0.0002951697634044894
30,2022-09-22 15:43:46,956,test RTK,5,1.0,25.77,970.2,39.48,0.0002000151389278542
30,2022-09-22 15:43:47,30,test RTK,5,1.0,25.77,970.2,39.78,0.00024355798971073607
30,2022-09-22 15:43:47,105,test RTK,5,1.0,25.77,970.2,39.78,-0.00021720802411451245
30,2022-09-22 15:43:47,176,test RTK,5,1.0,25.77,970.2,39.78,-0.000728478729724813
30,2022-09-22 15:43:47,251,test RTK,5,1.0,25.77,970.2,39.78,0.0005272453280758323
30,2022-09-22 15:43:47,326,test RTK,5,1.0,25.77,970.2,39.78,-0.00012617656961033674
30,2022-09-22 15:43:47,397,test RTK,5,1.0,25.77,970.2,39.78,-4.702968522884987e-05
30,2022-09-22 15:43:47,472,test RTK,5,1.0,25.77,970.2,39.78,0.00031653312980967253
30,2022-09-22 15:43:47,548,test RTK,5,1.0,25.77,970.2,39.78,-0.0002593528293068914
30,2022-09-22 15:43:47,620,test RTK,5,1.0,25.77,970.2,39.78,0.0003290516698402593
30,2022-09-22 15:43:47,694,test RTK,5,1.0,25.77,970.2,39.78,1.8380396076655198e-05
30,2022-09-22 15:43:47,770,test RTK,5,1.0,25.77,970.2,39.78,-0.0005628044158214607
30,2022-09-22 15:43:47,842,test RTK,5,1.0,25.77,970.2,39.78,8.125932890980474e-05
30,2022-09-22 15:43:47,916,test RTK,5,1.0,25.77,970.2,39.78,0.0002564786748292291
30,2022-09-22 15:43:47,992,test RTK,5,1.0,25.77,970.2,39.78,0.0002064944059618257
30,2022-09-22 15:43:48,63,test RTK,5,1.0,25.77,970.2,39.78,0.00031465724125255703
30,2022-09-22 15:43:48,138,test RTK,5,1.0,25.77,970.2,39.78,-0.00010214012116271931
30,2022-09-22 15:43:48,214,test RTK,5,1.0,25.77,970.2,39.78,0.00012426519772236477
30,2022-09-22 15:43:48,285,test RTK,5,1.0,25.77,970.2,39.78,-0.0002722167409956455
30,2022-09-22 15:43:48,359,test RTK,5,1.0,25.77,970.2,39.78,0.00023170890297354615
30,2022-09-22 15:43:48,435,test RTK,5,1.0,25.77,970.2,39.78,-0.00018549060449046806
30,2022-09-22 15:43:48,506,test RTK,5,1.0,25.77,970.2,39.78,-5.532570183319763e-05
30,2022-09-22 15:43:48,574,test RTK,5,1.0,25.77,970.2,39.78,0.00017081230886784024
30,2022-09-22 15:43:48,643,test RTK,5,1.0,25.77,970.2,39.78,1.83803960766552e-06
30,2022-09-22 15:43:48,711,test RTK,5,1.0,25.77,970.2,39.78,-8.297672495238828e-05
30,2022-09-22 15:43:48,779,test RTK,5,1.0,25.77,970.2,39.78,0.0003015804292175828
30,2022-09-22 15:43:48,847,test RTK,5,1.0,25.77,970.2,39.78,0.00021643685187047203
30,2022-09-22 15:43:48,915,test RTK,5,1.0,25.77,970.2,39.78,0.00025921089586765085
30,2022-09-22 15:43:48,983,test RTK,5,1.0,25.77,970.2,39.78,0.00040421968344795506
30,2022-09-22 15:43:49,51,test RTK,5,1.0,25.77,970.2,39.78,-0.0003368036076434322
30,2022-09-22 15:43:49,120,test RTK,5,1.0,25.77,970.19,39.78,-1.519398763782931e-05
30,2022-09-22 15:43:49,187,test RTK,5,1.0,25.77,970.19,39.62,8.975168694264799e-05
30,2022-09-22 15:43:49,255,test RTK,5,1.0,25.77,970.19,39.62,0.00014232860884737624
30,2022-09-22 15:43:49,322,test RTK,5,1.0,25.77,970.19,39.62,-0.00015231363475365356
30,2022-09-22 15:43:49,405,test RTK,5,1.0,25.77,970.19,39.62,-0.0001639663800592217
30,2022-09-22 15:43:49,473,test RTK,5,1.0,25.77,970.19,39.62,8.621754128775445e-05
30,2022-09-22 15:43:49,541,test RTK,5,1.0,25.77,970.19,39.62,0.0007237878258916493
30,2022-09-22 15:43:49,636,test RTK,5,1.0,25.77,970.19,39.62,0.0004077230768314205
30,2022-09-22 15:43:49,707,test RTK,5,1.0,25.77,970.19,39.62,0.00047516990475131657
30,2022-09-22 15:43:49,778,test RTK,5,1.0,25.77,970.19,39.62,-3.7051755935380015e-05
30,2022-09-22 15:43:49,848,test RTK,5,1.0,25.77,970.19,39.62,-0.00021799812093448168
30,2022-09-22 15:43:49,923,test RTK,5,1.0,25.77,970.19,39.62,-9.490387514254905e-05
30,2022-09-22 15:43:49,990,test RTK,5,1.0,25.77,970.19,39.62,-0.00024231843650390772
30,2022-09-22 15:43:50,58,test RTK,5,1.0,25.77,970.19,39.62,-6.374472752135318e-05
30,2022-09-22 15:43:50,126,test RTK,5,1.0,25.77,970.19,39.62,-4.278350621511606e-05
30,2022-09-22 15:43:50,201,test RTK,5,1.0,25.77,970.19,39.62,-0.00011870140209779834
30,2022-09-22 15:43:50,277,test RTK,5,1.0,25.77,970.19,39.62,-0.00023148180916976457
30,2022-09-22 15:43:50,350,test RTK,5,1.0,25.77,970.19,39.62,-0.00035249436274220614
30,2022-09-22 15:43:50,425,test RTK,5,1.0,25.77,970.19,39.62,0.0002022411302673822
30,2022-09-22 15:43:50,501,test RTK,5,1.0,25.77,970.19,39.62,-0.00031543077900941796
30,2022-09-22 15:43:50,574,test RTK,5,1.0,25.77,970.19,39.62,-0.0001249677687891193
30,2022-09-22 15:43:50,651,test RTK,5,1.0,25.77,970.19,39.62,2.5448687386442296e-05
30,2022-09-22 15:43:50,727,test RTK,5,1.0,25.77,970.19,39.62,-9.965155273761184e-05
30,2022-09-22 15:43:50,799,test RTK,5,1.0,25.77,970.19,39.62,0.00014375740668911365
30,2022-09-22 15:43:50,891,test RTK,5,1.0,25.77,970.19,39.62,-5.137758329532005e-05
30,2022-09-22 15:43:50,968,test RTK,5,1.0,25.77,970.19,39.62,-0.00028129575774116233
30,2022-09-22 15:43:51,38,test RTK,5,1.0,25.77,970.19,39.62,0.00020353982234538526
30,2022-09-22 15:43:51,112,test RTK,5,1.0,25.77,970.19,39.62,-0.0001864486560219092
30,2022-09-22 15:43:51,188,test RTK,5,1.0,25.77,970.19,39.62,7.027603689128349e-05
30,2022-09-22 15:43:51,259,test RTK,5,1.0,25.76,970.19,39.62,-3.2999552779244823e-06
30,2022-09-22 15:43:51,333,test RTK,5,1.0,25.76,970.18,39.62,0.00012049686169274937
30,2022-09-22 15:43:51,407,test RTK,5,1.0,25.76,970.18,40.43,0.00018567038708630502
30,2022-09-22 15:43:51,479,test RTK,5,1.0,25.76,970.18,40.43,0.00029738629250665487
30,2022-09-22 15:43:51,554,test RTK,5,1.0,25.76,970.18,40.43,0.00012137211864878057
30,2022-09-22 15:43:51,628,test RTK,5,1.0,25.76,970.18,40.43,2.6208031934782876e-05
30,2022-09-22 15:43:51,700,test RTK,5,1.0,25.76,970.18,40.43,0.00018810691320714863
30,2022-09-22 15:43:51,775,test RTK,5,1.0,25.76,970.18,40.43,5.0251577072894004e-05
30,2022-09-22 15:43:51,849,test RTK,5,1.0,25.76,970.18,40.43,0.0002735509165905187
30,2022-09-22 15:43:51,921,test RTK,5,1.0,25.76,970.18,40.43,0.0001882961579543986
30,2022-09-22 15:43:51,995,test RTK,5,1.0,25.76,970.18,40.43,-0.00029105605557511183
30,2022-09-22 15:43:52,70,test RTK,5,1.0,25.76,970.18,40.43,0.00016956565909533093
30,2022-09-22 15:43:52,143,test RTK,5,1.0,25.76,970.18,40.43,-0.00041272623464472247
30,2022-09-22 15:43:52,218,test RTK,5,1.0,25.76,970.18,40.43,-2.071520313684516e-05
30,2022-09-22 15:43:52,290,test RTK,5,1.0,25.76,970.18,40.43,1.4427546418471052e-05
30,2022-09-22 15:43:52,363,test RTK,5,1.0,25.76,970.18,40.43,-0.00013626331463534314
30,2022-09-22 15:43:52,439,test RTK,5,1.0,25.76,970.18,40.43,-0.00025630125775855106
30,2022-09-22 15:43:52,509,test RTK,5,1.0,25.76,970.18,40.43,2.246098593923309e-05
30,2022-09-22 15:43:52,582,test RTK,5,1.0,25.76,970.18,40.43,0.0003170133383558194
30,2022-09-22 15:43:52,658,test RTK,5,1.0,25.76,970.18,40.43,-9.333077818141078e-05
30,2022-09-22 15:43:52,730,test RTK,5,1.0,25.76,970.18,40.43,8.445756513832955e-05
30,2022-09-22 15:43:52,804,test RTK,5,1.0,25.76,970.18,40.43,0.00021426053727709713
30,2022-09-22 15:43:52,880,test RTK,5,1.0,25.76,970.18,40.43,0.00012470755731906164
30,2022-09-22 15:43:52,952,test RTK,5,1.0,25.76,970.18,40.43,-1.5969891101974554e-05
30,2022-09-22 15:43:53,26,test RTK,5,1.0,25.76,970.18,40.43,8.70596804130169e-05
30,2022-09-22 15:43:53,101,test RTK,5,1.0,25.76,970.18,40.43,-0.0002758502401416507
30,2022-09-22 15:43:53,173,test RTK,5,1.0,25.76,970.18,40.43,-0.00022771820425937506
30,2022-09-22 15:43:53,247,test RTK,5,1.0,25.76,970.18,40.43,0.0003251343035721845
30,2022-09-22 15:43:53,331,test RTK,5,1.0,25.76,970.18,40.43,-2.379279583664129e-05
30,2022-09-22 15:43:53,408,test RTK,5,1.0,25.76,970.18,40.43,-7.109688595008379e-05
30,2022-09-22 15:43:53,479,test RTK,5,1.0,25.78,970.18,40.43,0.0005640581625346365
30,2022-09-22 15:43:53,554,test RTK,5,1.0,25.78,970.24,39.79,0.0003177845107008631
30,2022-09-22 15:43:53,629,test RTK,5,1.0,25.78,970.24,39.79,-7.683573290684365e-05
30,2022-09-22 15:43:53,701,test RTK,5,1.0,25.78,970.24,39.79,0.0001173317432949933
30,2022-09-22 15:43:53,777,test RTK,5,1.0,25.78,970.24,39.79,-2.4672783911938723e-05
30,2022-09-22 15:43:53,853,test RTK,5,1.0,25.78,970.24,39.79,0.000142399575627595
30,2022-09-22 15:43:53,926,test RTK,5,1.0,25.78,970.24,39.79,-9.954037144765948e-05
30,2022-09-22 15:43:54,2,test RTK,5,1.0,25.78,970.24,39.79,-0.00013966025784561964
30,2022-09-22 15:43:54,78,test RTK,5,1.0,25.78,970.24,39.79,-0.0004556138254709907
30,2022-09-22 15:43:54,153,test RTK,5,1.0,25.78,970.24,39.79,7.994644347575793e-05
30,2022-09-22 15:43:54,228,test RTK,5,1.0,25.78,970.24,39.79,3.133656458525758e-05
30,2022-09-22 15:43:54,304,test RTK,5,1.0,25.78,970.24,39.79,-0.00014843175187628788
30,2022-09-22 15:43:54,377,test RTK,5,1.0,25.78,970.24,39.79,0.00033127293006110606
30,2022-09-22 15:43:54,453,test RTK,5,1.0,25.78,970.24,39.79,0.00018032658853583345
30,2022-09-22 15:43:54,529,test RTK,5,1.0,25.78,970.24,39.79,-4.1472986341162255e-05
30,2022-09-22 15:43:54,602,test RTK,5,1.0,25.78,970.24,39.79,0.0001096058264885125
30,2022-09-22 15:43:54,680,test RTK,5,1.0,25.78,970.24,39.79,0.0003137701564998227
30,2022-09-22 15:43:54,750,test RTK,5,1.0,25.78,970.24,39.79,0.00029196916161662394
30,2022-09-22 15:43:54,822,test RTK,5,1.0,25.78,970.24,39.79,-0.0002710126712912597
30,2022-09-22 15:43:54,901,test RTK,5,1.0,25.78,970.24,39.79,6.959002468250227e-05
30,2022-09-22 15:43:54,971,test RTK,5,1.0,25.78,970.24,39.79,-6.992120295734594e-05
30,2022-09-22 15:43:55,44,test RTK,5,1.0,25.78,970.24,39.79,-0.0003654458001260963
30,2022-09-22 15:43:55,120,test RTK,5,1.0,25.78,970.24,39.79,0.0003745342792824536
30,2022-09-22 15:43:55,191,test RTK,5,1.0,25.78,970.24,39.79,0.00014520039788689482
30,2022-09-22 15:43:55,264,test RTK,5,1.0,25.78,970.24,39.79,-0.00011517198756294533
30,2022-09-22 15:43:55,340,test RTK,5,1.0,25.78,970.24,39.79,0.0005436362887470221
30,2022-09-22 15:43:55,411,test RTK,5,1.0,25.78,970.24,39.79,0.00018242010855228647
30,2022-09-22 15:43:55,485,test RTK,5,1.0,25.78,970.24,39.79,-0.00015475016087229676
30,2022-09-22 15:43:55,562,test RTK,5,1.0,25.78,970.24,39.79,-7.588004693381833e-05
30,2022-09-22 15:43:55,634,test RTK,5,1.0,25.77,970.24,39.79,-0.00016375821083869369
30,2022-09-22 15:43:55,710,test RTK,5,1.0,25.77,970.21,39.79,0.0005242623577473045
30,2022-09-22 15:43:55,783,test RTK,5,1.0,25.77,970.21,40.25,1.9392855474442645e-05
30,2022-09-22 15:43:55,853,test RTK,5,1.0,25.77,970.21,40.25,0.00032446011916010647
30,2022-09-22 15:43:55,926,test RTK,5,1.0,25.77,970.21,40.25,-0.00019018623977906657
30,2022-09-22 15:43:56,0,test RTK,5,1.0,25.77,970.21,40.25,0.0004238041492289883
30,2022-09-22 15:43:56,70,test RTK,5,1.0,25.77,970.21,40.25,-4.657549783537718e-05
30,2022-09-22 15:43:56,146,test RTK,5,1.0,25.77,970.21,40.25,-0.00040490096434986356
30,2022-09-22 15:43:56,218,test RTK,5,1.0,25.77,970.21,40.25,-2.2905711084320046e-05
30,2022-09-22 15:43:56,288,test RTK,5,1.0,25.77,970.21,40.25,0.00014652274555830414
30,2022-09-22 15:43:56,363,test RTK,5,1.0,25.77,970.21,40.25,-5.83252310750737e-05
30,2022-09-22 15:43:56,431,test RTK,5,1.0,25.77,970.21,40.25,-0.00046172643080311104
30,2022-09-22 15:43:56,505,test RTK,5,1.0,25.77,970.21,40.25,0.00015696905560650353
30,2022-09-22 15:43:56,580,test RTK,5,1.0,25.77,970.21,40.25,-9.01869498193264e-05
30,2022-09-22 15:43:56,651,test RTK,5,1.0,25.77,970.21,40.25,-0.00017732469365050463
30,2022-09-22 15:43:56,735,test RTK,5,1.0,25.77,970.21,40.25,-0.00031854858622004656
30,2022-09-22 15:43:56,808,test RTK,5,1.0,25.77,970.21,40.25,0.0003798260355274314
30,2022-09-22 15:43:56,882,test RTK,5,1.0,25.77,970.21,40.25,-4.567895084583995e-05
30,2022-09-22 15:43:56,956,test RTK,5,1.0,25.77,970.21,40.25,0.0003077190557065043
30,2022-09-22 15:43:57,28,test RTK,5,1.0,25.77,970.21,40.25,0.00017173014589200267
30,2022-09-22 15:43:57,103,test RTK,5,1.0,25.77,970.21,40.25,-0.00022074216976797345
30,2022-09-22 15:43:57,176,test RTK,5,1.0,25.77,970.21,40.25,0.0002767704428531092
30,2022-09-22 15:43:57,248,test RTK,5,1.0,25.77,970.21,40.25,-2.6931893080117675e-05
30,2022-09-22 15:43:57,322,test RTK,5,1.0,25.77,970.21,40.25,-0.00013970520347328375
30,2022-09-22 15:43:57,393,test RTK,5,1.0,25.77,970.21,40.25,0.000253502801178723
30,2022-09-22 15:43:57,464,test RTK,5,1.0,25.77,970.21,40.25,-1.3864543289443532e-05
30,2022-09-22 15:43:57,538,test RTK,5,1.0,25.77,970.21,40.25,-0.00017604729160680677
30,2022-09-22 15:43:57,609,test RTK,5,1.0,25.77,970.21,40.25,-0.0002809622138730816
30,2022-09-22 15:43:57,680,test RTK,5,1.0,25.77,970.21,40.25,6.685543808473992e-05
30,2022-09-22 15:43:57,754,test RTK,5,1.0,25.77,970.21,40.25,7.358308884947705e-05
30,2022-09-22 15:43:57,823,test RTK,5,1.0,25.77,970.21,40.25,-0.00037067368626608754
30,2022-09-22 15:43:57,895,test RTK,5,1.0,25.77,970.18,40.25,2.152658999968627e-05
30,2022-09-22 15:43:57,970,test RTK,5,1.0,25.77,970.18,39.85,-0.00031790515407870146
30,2022-09-22 15:43:58,40,test RTK,5,1.0,25.77,970.18,39.85,0.00030777819469001994
30,2022-09-22 15:43:58,113,test RTK,5,1.0,25.77,970.18,39.85,4.266049714882881e-05
30,2022-09-22 15:43:58,189,test RTK,5,1.0,25.77,970.18,39.85,-8.805558085356324e-05
30,2022-09-22 15:43:58,260,test RTK,5,1.0,25.77,970.18,39.85,6.290022286721515e-06
30,2022-09-22 15:43:58,333,test RTK,5,1.0,25.77,970.18,39.85,0.0003821277247658594
30,2022-09-22 15:43:58,408,test RTK,5,1.0,25.77,970.18,39.85,0.00010832132776655318
30,2022-09-22 15:43:58,478,test RTK,5,1.0,25.77,970.18,39.85,0.00010630823676768143
30,2022-09-22 15:43:58,551,test RTK,5,1.0,25.77,970.18,39.85,0.00018057970338528033
30,2022-09-22 15:43:58,627,test RTK,5,1.0,25.77,970.18,39.85,0.00015400500975270057
30,2022-09-22 15:43:58,696,test RTK,5,1.0,25.77,970.18,39.85,0.0007051211971347784
30,2022-09-22 15:43:58,770,test RTK,5,1.0,25.77,970.18,39.85,0.00025759048771932275
30,2022-09-22 15:43:58,845,test RTK,5,1.0,25.77,970.18,39.85,-0.00021220723167125755
30,2022-09-22 15:43:58,915,test RTK,5,1.0,25.77,970.18,39.85,0.0002444734611755579
30,2022-09-22 15:43:58,988,test RTK,5,1.0,25.77,970.18,39.85,-0.0002182938158519221
30,2022-09-22 15:43:59,64,test RTK,5,1.0,25.77,970.18,39.85,-0.00012395057827241374
30,2022-09-22 15:43:59,135,test RTK,5,1.0,25.77,970.18,39.85,0.0005314796792955509
30,2022-09-22 15:43:59,209,test RTK,5,1.0,25.77,970.18,39.85,7.239084694180212e-05
30,2022-09-22 15:43:59,284,test RTK,5,1.0,25.77,970.18,39.85,0.0001069800556204189
30,2022-09-22 15:43:59,356,test RTK,5,1.0,25.77,970.18,39.85,0.00043695429360352195
30,2022-09-22 15:43:59,430,test RTK,5,1.0,25.77,970.18,39.85,9.111424912284793e-05
30,2022-09-22 15:43:59,505,test RTK,5,1.0,25.77,970.18,39.85,-8.038407191612862e-05
30,2022-09-22 15:43:59,577,test RTK,5,1.0,25.77,970.18,39.85,-3.645800054030701e-05
30,2022-09-22 15:43:59,651,test RTK,5,1.0,25.77,970.18,39.85,4.58469055806505e-05
30,2022-09-22 15:43:59,727,test RTK,5,1.0,25.77,970.18,39.85,0.00048654824517972223
30,2022-09-22 15:43:59,798,test RTK,5,1.0,25.77,970.18,39.85,-2.38826870919695e-05
30,2022-09-22 15:43:59,872,test RTK,5,1.0,25.77,970.18,39.85,0.00017626965426666182
30,2022-09-22 15:43:59,948,test RTK,5,1.0,25.77,970.18,39.85,-4.8299990593747566e-05
30,2022-09-22 15:44:00,26,test RTK,5,1.0,25.77,970.18,39.85,0.0001045364328215534
30,2022-09-22 15:44:00,97,test RTK,5,1.0,25.77,970.2,39.85,0.00028357852263542754
30,2022-09-22 15:44:00,170,test RTK,5,1.0,25.77,970.2,39.95,0.000487747583765419
30,2022-09-22 15:44:00,245,test RTK,5,1.0,25.77,970.2,39.95,0.00015250997624942565
30,2022-09-22 15:44:00,315,test RTK,5,1.0,25.77,970.2,39.95,0.0002198337950836093
30,2022-09-22 15:44:00,388,test RTK,5,1.0,25.77,970.2,39.95,-6.034068763227651e-05
30,2022-09-22 15:44:00,464,test RTK,5,1.0,25.77,970.2,39.95,-0.00018488029018115526
30,2022-09-22 15:44:00,534,test RTK,5,1.0,25.77,970.2,39.95,0.0001270281710322146
30,2022-09-22 15:44:00,608,test RTK,5,1.0,25.77,970.2,39.95,-0.00031236974522386163
30,2022-09-22 15:44:00,684,test RTK,5,1.0,25.77,970.2,39.95,-0.00021449472755108445
30,2022-09-22 15:44:00,753,test RTK,5,1.0,25.77,970.2,39.95,-0.00030250299722034413
30,2022-09-22 15:44:00,825,test RTK,5,1.0,25.77,970.2,39.95,-0.00024323154240768474
30,2022-09-22 15:44:00,899,test RTK,5,1.0,25.77,970.2,39.95,-3.235848620519732e-05
30,2022-09-22 15:44:00,967,test RTK,5,1.0,25.77,970.2,39.95,0.0002470945009249703
30,2022-09-22 15:44:01,39,test RTK,5,1.0,25.77,970.2,39.95,7.631767544723938e-05
30,2022-09-22 15:44:01,112,test RTK,5,1.0,25.77,970.2,39.95,-0.00032190294936285113
30,2022-09-22 15:44:01,181,test RTK,5,1.0,25.77,970.2,39.95,0.0001469485462396166
30,2022-09-22 15:44:01,253,test RTK,5,1.0,25.77,970.2,39.95,-0.00035369606688639976
30,2022-09-22 15:44:01,327,test RTK,5,1.0,25.77,970.2,39.95,-0.0005317375250157852
30,2022-09-22 15:44:01,395,test RTK,5,1.0,25.77,970.2,39.95,7.601961497032066e-05
30,2022-09-22 15:44:01,467,test RTK,5,1.0,25.77,970.2,39.95,0.00011771023278949329
30,2022-09-22 15:44:01,543,test RTK,5,1.0,25.77,970.2,39.95,0.00026199279365222565
30,2022-09-22 15:44:01,613,test RTK,5,1.0,25.77,970.2,39.95,3.689089791704477e-05
30,2022-09-22 15:44:01,686,test RTK,5,1.0,25.77,970.2,39.95,-0.00028271745890329214
30,2022-09-22 15:44:01,764,test RTK,5,1.0,25.77,970.2,39.95,-0.00036380646750266976
30,2022-09-22 15:44:01,835,test RTK,5,1.0,25.77,970.2,39.95,0.00033338300899294346
30,2022-09-22 15:44:01,910,test RTK,5,1.0,25.77,970.2,39.95,0.00015089903033846014
30,2022-09-22 15:44:01,984,test RTK,5,1.0,25.77,970.2,39.95,0.00028754793120899607
30,2022-09-22 15:44:02,56,test RTK,5,1.0,25.77,970.2,39.95,0.0001743677445567994
30,2022-09-22 15:44:02,131,test RTK,5,1.0,25.77,970.2,39.95,-9.313207119276967e-06
30,2022-09-22 15:44:02,206,test RTK,5,1.0,25.78,970.2,39.95,0.00037691639753846285
30,2022-09-22 15:44:02,277,test RTK,5,1.0,25.78,970.22,39.95,1.1357050394339976e-05
30,2022-09-22 15:44:02,353,test RTK,5,1.0,25.78,970.22,40.22,3.143591807756383e-05
30,2022-09-22 15:44:02,429,test RTK,5,1.0,25.78,970.22,40.22,0.0003867358343613967
30,2022-09-22 15:44:02,502,test RTK,5,1.0,25.78,970.22,40.22,0.00014730338014071033
30,2022-09-22 15:44:02,578,test RTK,5,1.0,25.78,970.22,40.22,2.2146366546929983e-05
30,2022-09-22 15:44:02,654,test RTK,5,1.0,25.78,970.22,40.22,0.0003877601215558872
30,2022-09-22 15:44:02,726,test RTK,5,1.0,25.78,970.22,40.22,-0.00033523287624070974
30,2022-09-22 15:44:02,802,test RTK,5,1.0,25.78,970.22,40.22,-2.3551508784080966e-05
30,2022-09-22 15:44:02,878,test RTK,5,1.0,25.78,970.22,40.22,-0.00021974863484430784
30,2022-09-22 15:44:02,951,test RTK,5,1.0,25.78,970.22,40.22,-7.871162146244615e-05
30,2022-09-22 15:44:03,30,test RTK,5,1.0,25.78,970.22,40.22,-0.00038767732679900746
30,2022-09-22 15:44:03,101,test RTK,5,1.0,25.78,970.22,40.22,0.00022150861109677172
30,2022-09-22 15:44:03,174,test RTK,5,1.0,25.78,970.22,40.22,-0.00014931883662860912
30,2022-09-22 15:44:03,250,test RTK,5,1.0,25.78,970.22,40.22,-0.00015748001634996456
30,2022-09-22 15:44:03,320,test RTK,5,1.0,25.78,970.22,40.22,0.0001352342963848423
30,2022-09-22 15:44:03,402,test RTK,5,1.0,25.78,970.22,40.22,0.0003614645639255012
30,2022-09-22 15:44:03,474,test RTK,5,1.0,25.78,970.22,40.22,-0.00013310529291565842
30,2022-09-22 15:44:03,553,test RTK,5,1.0,25.78,970.22,40.22,7.766131315271431e-06
30,2022-09-22 15:44:03,622,test RTK,5,1.0,25.78,970.22,40.22,-3.4941677004241e-05
30,2022-09-22 15:44:03,695,test RTK,5,1.0,25.78,970.22,40.22,0.000325995367172172
30,2022-09-22 15:44:03,773,test RTK,5,1.0,25.78,970.22,40.22,0.00016227027408884386
30,2022-09-22 15:44:03,843,test RTK,5,1.0,25.78,970.22,40.22,-6.960185244686556e-05
30,2022-09-22 15:44:03,917,test RTK,5,1.0,25.78,970.22,40.22,-0.0001045861095185785
30,2022-09-22 15:44:03,993,test RTK,5,1.0,25.78,970.22,40.22,0.0001065542549391064
30,2022-09-22 15:44:04,64,test RTK,5,1.0,25.78,970.22,40.22,-8.82117077711797e-05
30,2022-09-22 15:44:04,137,test RTK,5,1.0,25.78,970.22,40.22,5.167327823660955e-05
30,2022-09-22 15:44:04,213,test RTK,5,1.0,25.78,970.22,40.22,-0.00010679081082365371
30,2022-09-22 15:44:04,283,test RTK,5,1.0,25.78,970.22,40.22,0.0006890188347031449
30,2022-09-22 15:44:04,356,test RTK,5,1.0,25.78,970.22,40.22,-0.00018123023211913392
30,2022-09-22 15:44:04,433,test RTK,5,1.0,25.78,970.18,40.22,0.00010785531257645008
30,2022-09-22 15:44:04,504,test RTK,5,1.0,25.78,970.18,40.0,5.9763491181546584e-05
30,2022-09-22 15:44:04,576,test RTK,5,1.0,25.78,970.18,40.0,9.72765312051757e-05
30,2022-09-22 15:44:04,652,test RTK,5,1.0,25.78,970.18,40.0,-0.0001540759764608879
30,2022-09-22 15:44:04,723,test RTK,5,1.0,25.78,970.18,40.0,5.06797433135471e-05
30,2022-09-22 15:44:04,796,test RTK,5,1.0,25.78,970.18,40.0,0.00031650710865692563
30,2022-09-22 15:44:04,872,test RTK,5,1.0,25.78,970.18,40.0,-9.685546159765579e-05
30,2022-09-22 15:44:04,943,test RTK,5,1.0,25.78,970.18,40.0,-0.0003383885324002023
30,2022-09-22 15:44:05,15,test RTK,5,1.0,25.78,970.18,40.0,0.00044386409243748717
30,2022-09-22 15:44:05,92,test RTK,5,1.0,25.78,970.18,40.0,0.00018460351982368318
30,2022-09-22 15:44:05,166,test RTK,5,1.0,25.78,970.18,40.0,-0.00023472735658280897
30,2022-09-22 15:44:05,240,test RTK,5,1.0,25.78,970.18,40.0,6.184281784195584e-05
30,2022-09-22 15:44:05,312,test RTK,5,1.0,25.78,970.18,40.0,0.00011247524996869045
30,2022-09-22 15:44:05,385,test RTK,5,1.0,25.78,970.18,40.0,7.716927680986434e-05
30,2022-09-22 15:44:05,459,test RTK,5,1.0,25.78,970.18,40.0,0.0004647590780932266
30,2022-09-22 15:44:05,529,test RTK,5,1.0,25.78,970.18,40.0,-0.00032688954845028206
30,2022-09-22 15:44:05,602,test RTK,5,1.0,25.78,970.18,40.0,-0.0001020620577030229
30,2022-09-22 15:44:05,678,test RTK,5,1.0,25.78,970.18,40.0,-0.0004901935718955031
30,2022-09-22 15:44:05,746,test RTK,5,1.0,25.78,970.18,40.0,-0.00016480851918387884
30,2022-09-22 15:44:05,817,test RTK,5,1.0,25.78,970.18,40.0,-0.00031916836276657534
30,2022-09-22 15:44:05,890,test RTK,5,1.0,25.78,970.18,40.0,-0.0004290817119176893
30,2022-09-22 15:44:05,958,test RTK,5,1.0,25.78,970.18,40.0,0.00015052763752198203
30,2022-09-22 15:44:06,30,test RTK,5,1.0,25.78,970.18,40.0,-0.0008534204773607001
30,2022-09-22 15:44:06,103,test RTK,5,1.0,25.78,970.18,40.0,-0.00021081155166058352
30,2022-09-22 15:44:06,170,test RTK,5,1.0,25.78,970.18,40.0,-0.00025094563141436765
30,2022-09-22 15:44:06,242,test RTK,5,1.0,25.78,970.18,40.0,4.223469646751634e-05
30,2022-09-22 15:44:06,315,test RTK,5,1.0,25.78,970.18,40.0,0.0002561782487929697
30,2022-09-22 15:44:06,383,test RTK,5,1.0,25.78,970.18,40.0,-0.0002830297127367487
30,2022-09-22 15:44:06,456,test RTK,5,1.0,25.78,970.18,40.0,1.9934568563445737e-05
30,2022-09-22 15:44:06,530,test RTK,5,1.0,25.78,970.18,40.0,-0.00031517056748242567
30,2022-09-22 15:44:06,600,test RTK,5,1.0,25.78,970.21,40.0,-0.00010319279506809664
30,2022-09-22 15:44:06,673,test RTK,5,1.0,25.78,970.21,39.94,-0.00023110568523421193
30,2022-09-22 15:44:06,748,test RTK,5,1.0,25.78,970.21,39.94,-7.55796208906645e-06
30,2022-09-22 15:44:06,817,test RTK,5,1.0,25.78,970.21,39.94,-9.361937642182738e-05
30,2022-09-22 15:44:06,900,test RTK,5,1.0,25.78,970.21,39.94,0.0001762318053172118
30,2022-09-22 15:44:06,972,test RTK,5,1.0,25.78,970.21,39.94,0.00013379840186508298
30,2022-09-22 15:44:07,46,test RTK,5,1.0,25.78,970.21,39.94,0.0002471891232985952
30,2022-09-22 15:44:07,119,test RTK,5,1.0,25.78,970.21,39.94,-5.9985853731348016e-05
30,2022-09-22 15:44:07,191,test RTK,5,1.0,25.78,970.21,39.94,0.0001007018611304005
30,2022-09-22 15:44:07,266,test RTK,5,1.0,25.78,970.21,39.94,-0.00022248795256096798
30,2022-09-22 15:44:07,338,test RTK,5,1.0,25.78,970.21,39.94,-8.484551683096697e-05
30,2022-09-22 15:44:07,410,test RTK,5,1.0,25.78,970.21,39.94,0.00018567511820498627
30,2022-09-22 15:44:07,485,test RTK,5,1.0,25.78,970.21,39.94,7.362330335826766e-05
30,2022-09-22 15:44:07,557,test RTK,5,1.0,25.78,970.21,39.94,0.00021820629025725942
30,2022-09-22 15:44:07,630,test RTK,5,1.0,25.78,970.21,39.94,0.00019409887501695142
30,2022-09-22 15:44:07,704,test RTK,5,1.0,25.78,970.21,39.94,-9.994724765505225e-05
30,2022-09-22 15:44:07,774,test RTK,5,1.0,25.78,970.21,39.94,0.0003328957037687747
30,2022-09-22 15:44:07,847,test RTK,5,1.0,25.78,970.21,39.94,0.000201138779614651
30,2022-09-22 15:44:07,923,test RTK,5,1.0,25.78,970.21,39.94,0.00011846721177849322
30,2022-09-22 15:44:07,991,test RTK,5,1.0,25.78,970.21,39.94,-3.1949244439388735e-05
30,2022-09-22 15:44:08,65,test RTK,5,1.0,25.78,970.21,39.94,-0.00012875029817216443
30,2022-09-22 15:44:08,140,test RTK,5,1.0,25.78,970.21,39.94,3.7851315009338466e-05
30,2022-09-22 15:44:08,209,test RTK,5,1.0,25.78,970.21,39.94,0.0002564029769303291
30,2022-09-22 15:44:08,282,test RTK,5,1.0,25.78,970.21,39.94,0.00010404439647870343
30,2022-09-22 15:44:08,357,test RTK,5,1.0,25.78,970.21,39.94,0.00030796507387792927
30,2022-09-22 15:44:08,427,test RTK,5,1.0,25.78,970.21,39.94,9.808082138098814e-05
30,2022-09-22 15:44:08,500,test RTK,5,1.0,25.78,970.21,39.94,0.00018686262899397996
30,2022-09-22 15:44:08,575,test RTK,5,1.0,25.78,970.21,39.94,-2.6718992739205305e-05
30,2022-09-22 15:44:08,644,test RTK,5,1.0,25.78,970.21,39.94,-4.914922639720487e-05
30,2022-09-22 15:44:08,717,test RTK,5,1.0,25.78,970.21,39.94,0.00018367858612149888
30,2022-09-22 15:44:08,793,test RTK,5,1.0,25.78,970.2,39.94,0.00020664107064094446
30,2022-09-22 15:44:08,862,test RTK,5,1.0,25.78,970.2,39.79,0.00036755351366826966
30,2022-09-22 15:44:08,936,test RTK,5,1.0,25.78,970.2,39.79,2.6200935256761003e-05
30,2022-09-22 15:44:09,11,test RTK,5,1.0,25.78,970.2,39.79,-6.774015724708704e-05
30,2022-09-22 15:44:09,80,test RTK,5,1.0,25.78,970.2,39.79,-0.00012954039499213366
30,2022-09-22 15:44:09,155,test RTK,5,1.0,25.78,970.2,39.79,0.00016225134961411885
30,2022-09-22 15:44:09,229,test RTK,5,1.0,25.78,970.2,39.79,0.00020457593733657893
30,2022-09-22 15:44:09,299,test RTK,5,1.0,25.78,970.2,39.79,0.0003026591242769077
30,2022-09-22 15:44:09,373,test RTK,5,1.0,25.78,970.2,39.79,9.40428115865415e-05
30,2022-09-22 15:44:09,448,test RTK,5,1.0,25.78,970.2,39.79,0.0003194049188491911
30,2022-09-22 15:44:09,517,test RTK,5,1.0,25.78,970.2,39.79,0.00022366127009674033
30,2022-09-22 15:44:09,591,test RTK,5,1.0,25.78,970.2,39.79,8.222920823946093e-05
30,2022-09-22 15:44:09,666,test RTK,5,1.0,25.78,970.2,39.79,0.0002653400601192099
30,2022-09-22 15:44:09,736,test RTK,5,1.0,25.78,970.2,39.79,8.158341053947035e-05
30,2022-09-22 15:44:09,809,test RTK,5,1.0,25.78,970.2,39.79,-6.505761295549917e-05
30,2022-09-22 15:44:09,884,test RTK,5,1.0,25.78,970.2,39.79,5.087845029815959e-05
30,2022-09-22 15:44:09,953,test RTK,5,1.0,25.78,970.2,39.79,-3.7210248411412294e-05
30,2022-09-22 15:44:10,26,test RTK,5,1.0,25.78,970.2,39.79,-7.878731936195038e-05
30,2022-09-22 15:44:10,101,test RTK,5,1.0,25.78,970.2,39.79,-0.0003994838334619999
30,2022-09-22 15:44:10,170,test RTK,5,1.0,25.78,970.2,39.79,-0.00014287741854701608
30,2022-09-22 15:44:10,254,test RTK,5,1.0,25.78,970.2,39.79,-7.167644798755646e-05
30,2022-09-22 15:44:10,363,test RTK,5,1.0,25.78,970.2,39.79,0.00017661975704907426
30,2022-09-22 15:44:10,436,test RTK,5,1.0,25.78,970.2,39.79,9.914059196558808e-06
30,2022-09-22 15:44:10,511,test RTK,5,1.0,25.78,970.2,39.79,-6.230883300872847e-06
30,2022-09-22 15:44:10,583,test RTK,5,1.0,25.78,970.2,39.79,-7.510414346967309e-05
30,2022-09-22 15:44:10,656,test RTK,5,1.0,25.78,970.2,39.79,-0.00047094028443162017
30,2022-09-22 15:44:10,732,test RTK,5,1.0,25.78,970.2,39.79,0.00028082974268162146
30,2022-09-22 15:44:10,800,test RTK,5,1.0,25.78,970.2,39.79,-0.0002567720040680399
30,2022-09-22 15:44:10,873,test RTK,5,1.0,25.78,970.2,39.79,-0.0002013871632513542
30,2022-09-22 15:44:10,949,test RTK,5,1.0,25.78,970.2,39.79,0.0002901997232298366
30,2022-09-22 15:44:11,18,test RTK,5,1.0,25.78,970.21,39.79,0.00039813309926452727
30,2022-09-22 15:44:11,91,test RTK,5,1.0,25.78,970.21,40.07,-0.0002088623307638926
30,2022-09-22 15:44:11,167,test RTK,5,1.0,25.78,970.21,40.07,0.00011213934054232171
30,2022-09-22 15:44:11,237,test RTK,5,1.0,25.78,970.21,40.07,0.0001049835235369315
30,2022-09-22 15:44:11,311,test RTK,5,1.0,25.78,970.21,40.07,0.0002681432479378503
30,2022-09-22 15:44:11,386,test RTK,5,1.0,25.78,970.21,40.07,-8.911062031913275e-05
30,2022-09-22 15:44:11,458,test RTK,5,1.0,25.78,970.21,40.07,-5.097543820653527e-05
30,2022-09-22 15:44:11,532,test RTK,5,1.0,25.78,970.21,40.07,0.00020157167697398536
30,2022-09-22 15:44:11,607,test RTK,5,1.0,25.78,970.21,40.07,3.380857409621057e-05
30,2022-09-22 15:44:11,678,test RTK,5,1.0,25.78,970.21,40.07,-5.205886438552909e-05
30,2022-09-22 15:44:11,753,test RTK,5,1.0,25.78,970.21,40.07,-6.428880617015409e-05
30,2022-09-22 15:44:11,827,test RTK,5,1.0,25.78,970.21,40.07,0.00024452786904039225
30,2022-09-22 15:44:11,899,test RTK,5,1.0,25.78,970.21,40.07,-0.00011089269071895558
30,2022-09-22 15:44:11,973,test RTK,5,1.0,25.78,970.21,40.07,-0.00024797448888413953
30,2022-09-22 15:44:12,48,test RTK,5,1.0,25.78,970.21,40.07,-0.00028439227491539043
30,2022-09-22 15:44:12,119,test RTK,5,1.0,25.78,970.21,40.07,-0.0001255496963850078
30,2022-09-22 15:44:12,194,test RTK,5,1.0,25.78,970.21,40.07,0.00020227897921683218
30,2022-09-22 15:44:12,268,test RTK,5,1.0,25.78,970.21,40.07,0.0002716679313553814
30,2022-09-22 15:44:12,339,test RTK,5,1.0,25.78,970.21,40.07,0.00022706767554724015
30,2022-09-22 15:44:12,413,test RTK,5,1.0,25.78,970.21,40.07,5.7277288314549854e-05
30,2022-09-22 15:44:12,489,test RTK,5,1.0,25.78,970.21,40.07,-0.0002622459083791995
